dataset_name,model_name,prompt_type,sampling_type,aggregation_type,acc,ece,auroc,auprc_p,auprc_n,use_cot,input_file_name,num_ensemble
GSM8K,gpt4,top_k,self_random,avg_conf_top1,0.83333,0.06667,1.00000,13.88889,1.00000,1.00000,True,GSM8K_gpt4_09-03-06-49_processed.json,5
GSM8K,gpt4,top_k,self_random,avg_conf_topk,0.83333,0.16667,0.50000,163.88889,0.83333,0.16667,True,GSM8K_gpt4_09-03-06-49_processed.json,5
GSM8K,gpt4,top_k,self_random,pair_rank_conf,0.83333,0.21254,1.00000,13.88889,1.00000,1.00000,True,GSM8K_gpt4_09-03-06-49_processed.json,5
GSM8K,gpt4,top_k,self_random,consistency,0.83333,0.06667,1.00000,13.88889,1.00000,1.00000,True,GSM8K_gpt4_09-03-06-49_processed.json,5
dataset_name,model_name,prompt_type,sampling_type,aggregation_type,acc,ece,auroc,auprc_p,auprc_n,use_cot,input_file_name,num_ensemble
GSM8K,gpt4,top_k,self_random,avg_conf_top1,0.83333,0.06667,1.00000,13.88889,1.00000,1.00000,True,GSM8K_gpt4_09-03-06-49_processed.json,5
GSM8K,gpt4,top_k,self_random,avg_conf_topk,0.83333,0.16667,0.50000,163.88889,0.83333,0.16667,True,GSM8K_gpt4_09-03-06-49_processed.json,5
GSM8K,gpt4,top_k,self_random,pair_rank_conf,0.83333,0.20649,1.00000,13.88889,1.00000,1.00000,True,GSM8K_gpt4_09-03-06-49_processed.json,5
GSM8K,gpt4,top_k,self_random,consistency,0.83333,0.06667,1.00000,13.88889,1.00000,1.00000,True,GSM8K_gpt4_09-03-06-49_processed.json,5
